<?xml version="1.0" encoding="utf-8" standalone="yes"?>
<rss version="2.0" xmlns:atom="http://www.w3.org/2005/Atom">
  <channel>
    <title>Installation on Felix Buhler</title>
    <link>/tags/installation/</link>
    <description>Recent content in Installation on Felix Buhler</description>
    <generator>Hugo -- gohugo.io</generator>
    <language>en-us</language><atom:link href="/tags/installation/index.xml" rel="self" type="application/rss+xml" />
    <item>
      <title>Sag, Meister</title>
      <link>/posts/sag-meister/</link>
      <pubDate>Mon, 01 Jan 0001 00:00:00 +0000</pubDate>
      
      <guid>/posts/sag-meister/</guid>
      <description></description>
    </item>
    
  </channel>
</rss>
