<?xml version="1.0" encoding="utf-8" standalone="yes"?>
<rss version="2.0" xmlns:atom="http://www.w3.org/2005/Atom">
  <channel>
    <title>Coding on Felix Buhler</title>
    <link>https://felixbuhler.github.io/portfolio-2022/tags/coding/</link>
    <description>Recent content in Coding on Felix Buhler</description>
    <generator>Hugo -- gohugo.io</generator>
    <language>en-us</language><atom:link href="https://felixbuhler.github.io/portfolio-2022/tags/coding/index.xml" rel="self" type="application/rss+xml" />
    <item>
      <title>Yoga &amp; Bike Branding</title>
      <link>https://felixbuhler.github.io/portfolio-2022/posts/yoga-bike/</link>
      <pubDate>Mon, 01 Jan 0001 00:00:00 +0000</pubDate>
      
      <guid>https://felixbuhler.github.io/portfolio-2022/posts/yoga-bike/</guid>
      <description></description>
    </item>
    
  </channel>
</rss>
