<?xml version="1.0" encoding="utf-8" standalone="yes"?>
<rss version="2.0" xmlns:atom="http://www.w3.org/2005/Atom">
  <channel>
    <title>Felix Buhler</title>
    <link>/</link>
    <description>Recent content on Felix Buhler</description>
    <generator>Hugo -- gohugo.io</generator>
    <language>en-us</language><atom:link href="/index.xml" rel="self" type="application/rss+xml" />
    <item>
      <title></title>
      <link>/clients/alina-kossan/</link>
      <pubDate>Mon, 01 Jan 0001 00:00:00 +0000</pubDate>
      
      <guid>/clients/alina-kossan/</guid>
      <description></description>
    </item>
    
    <item>
      <title></title>
      <link>/clients/blackroll/</link>
      <pubDate>Mon, 01 Jan 0001 00:00:00 +0000</pubDate>
      
      <guid>/clients/blackroll/</guid>
      <description></description>
    </item>
    
    <item>
      <title></title>
      <link>/clients/blum/</link>
      <pubDate>Mon, 01 Jan 0001 00:00:00 +0000</pubDate>
      
      <guid>/clients/blum/</guid>
      <description></description>
    </item>
    
    <item>
      <title></title>
      <link>/clients/cosmiccompositions/</link>
      <pubDate>Mon, 01 Jan 0001 00:00:00 +0000</pubDate>
      
      <guid>/clients/cosmiccompositions/</guid>
      <description></description>
    </item>
    
    <item>
      <title></title>
      <link>/clients/dagmar-buhler/</link>
      <pubDate>Mon, 01 Jan 0001 00:00:00 +0000</pubDate>
      
      <guid>/clients/dagmar-buhler/</guid>
      <description></description>
    </item>
    
    <item>
      <title></title>
      <link>/clients/ddc/</link>
      <pubDate>Mon, 01 Jan 0001 00:00:00 +0000</pubDate>
      
      <guid>/clients/ddc/</guid>
      <description></description>
    </item>
    
    <item>
      <title></title>
      <link>/clients/echtbodensee/</link>
      <pubDate>Mon, 01 Jan 0001 00:00:00 +0000</pubDate>
      
      <guid>/clients/echtbodensee/</guid>
      <description></description>
    </item>
    
    <item>
      <title></title>
      <link>/clients/eoschamberorchestra/</link>
      <pubDate>Mon, 01 Jan 0001 00:00:00 +0000</pubDate>
      
      <guid>/clients/eoschamberorchestra/</guid>
      <description></description>
    </item>
    
    <item>
      <title></title>
      <link>/clients/foreverbroke/</link>
      <pubDate>Mon, 01 Jan 0001 00:00:00 +0000</pubDate>
      
      <guid>/clients/foreverbroke/</guid>
      <description></description>
    </item>
    
    <item>
      <title></title>
      <link>/clients/ftp/</link>
      <pubDate>Mon, 01 Jan 0001 00:00:00 +0000</pubDate>
      
      <guid>/clients/ftp/</guid>
      <description></description>
    </item>
    
    <item>
      <title></title>
      <link>/clients/grips/</link>
      <pubDate>Mon, 01 Jan 0001 00:00:00 +0000</pubDate>
      
      <guid>/clients/grips/</guid>
      <description></description>
    </item>
    
    <item>
      <title></title>
      <link>/clients/hessisches-staatstheater-wiesbaden/</link>
      <pubDate>Mon, 01 Jan 0001 00:00:00 +0000</pubDate>
      
      <guid>/clients/hessisches-staatstheater-wiesbaden/</guid>
      <description></description>
    </item>
    
    <item>
      <title></title>
      <link>/clients/hoo/</link>
      <pubDate>Mon, 01 Jan 0001 00:00:00 +0000</pubDate>
      
      <guid>/clients/hoo/</guid>
      <description></description>
    </item>
    
    <item>
      <title></title>
      <link>/clients/imf/</link>
      <pubDate>Mon, 01 Jan 0001 00:00:00 +0000</pubDate>
      
      <guid>/clients/imf/</guid>
      <description></description>
    </item>
    
    <item>
      <title></title>
      <link>/clients/ir/</link>
      <pubDate>Mon, 01 Jan 0001 00:00:00 +0000</pubDate>
      
      <guid>/clients/ir/</guid>
      <description></description>
    </item>
    
    <item>
      <title></title>
      <link>/clients/jazzclublindau/</link>
      <pubDate>Mon, 01 Jan 0001 00:00:00 +0000</pubDate>
      
      <guid>/clients/jazzclublindau/</guid>
      <description></description>
    </item>
    
    <item>
      <title></title>
      <link>/clients/just/</link>
      <pubDate>Mon, 01 Jan 0001 00:00:00 +0000</pubDate>
      
      <guid>/clients/just/</guid>
      <description></description>
    </item>
    
    <item>
      <title></title>
      <link>/clients/karmaxutra/</link>
      <pubDate>Mon, 01 Jan 0001 00:00:00 +0000</pubDate>
      
      <guid>/clients/karmaxutra/</guid>
      <description></description>
    </item>
    
    <item>
      <title></title>
      <link>/clients/kubi/</link>
      <pubDate>Mon, 01 Jan 0001 00:00:00 +0000</pubDate>
      
      <guid>/clients/kubi/</guid>
      <description></description>
    </item>
    
    <item>
      <title></title>
      <link>/clients/kulturlindau/</link>
      <pubDate>Mon, 01 Jan 0001 00:00:00 +0000</pubDate>
      
      <guid>/clients/kulturlindau/</guid>
      <description></description>
    </item>
    
    <item>
      <title></title>
      <link>/clients/kusa/</link>
      <pubDate>Mon, 01 Jan 0001 00:00:00 +0000</pubDate>
      
      <guid>/clients/kusa/</guid>
      <description></description>
    </item>
    
    <item>
      <title></title>
      <link>/clients/leipzigtourismus/</link>
      <pubDate>Mon, 01 Jan 0001 00:00:00 +0000</pubDate>
      
      <guid>/clients/leipzigtourismus/</guid>
      <description></description>
    </item>
    
    <item>
      <title></title>
      <link>/clients/mdrv/</link>
      <pubDate>Mon, 01 Jan 0001 00:00:00 +0000</pubDate>
      
      <guid>/clients/mdrv/</guid>
      <description></description>
    </item>
    
    <item>
      <title></title>
      <link>/clients/mhp/</link>
      <pubDate>Mon, 01 Jan 0001 00:00:00 +0000</pubDate>
      
      <guid>/clients/mhp/</guid>
      <description></description>
    </item>
    
    <item>
      <title></title>
      <link>/clients/musikstadtleipzig/</link>
      <pubDate>Mon, 01 Jan 0001 00:00:00 +0000</pubDate>
      
      <guid>/clients/musikstadtleipzig/</guid>
      <description></description>
    </item>
    
    <item>
      <title></title>
      <link>/clients/ntm/</link>
      <pubDate>Mon, 01 Jan 0001 00:00:00 +0000</pubDate>
      
      <guid>/clients/ntm/</guid>
      <description></description>
    </item>
    
    <item>
      <title></title>
      <link>/clients/operleipzig/</link>
      <pubDate>Mon, 01 Jan 0001 00:00:00 +0000</pubDate>
      
      <guid>/clients/operleipzig/</guid>
      <description></description>
    </item>
    
    <item>
      <title></title>
      <link>/clients/pylon/</link>
      <pubDate>Mon, 01 Jan 0001 00:00:00 +0000</pubDate>
      
      <guid>/clients/pylon/</guid>
      <description>+++ clientTitle = &amp;ldquo;Pylon Lab&amp;rdquo; client_url = &amp;ldquo;https://pylon-hub.com/&amp;quot;
+++</description>
    </item>
    
    <item>
      <title></title>
      <link>/clients/quotec/</link>
      <pubDate>Mon, 01 Jan 0001 00:00:00 +0000</pubDate>
      
      <guid>/clients/quotec/</guid>
      <description></description>
    </item>
    
    <item>
      <title></title>
      <link>/clients/shg/</link>
      <pubDate>Mon, 01 Jan 0001 00:00:00 +0000</pubDate>
      
      <guid>/clients/shg/</guid>
      <description></description>
    </item>
    
    <item>
      <title></title>
      <link>/clients/sinnerstorage/</link>
      <pubDate>Mon, 01 Jan 0001 00:00:00 +0000</pubDate>
      
      <guid>/clients/sinnerstorage/</guid>
      <description></description>
    </item>
    
    <item>
      <title></title>
      <link>/clients/stc/</link>
      <pubDate>Mon, 01 Jan 0001 00:00:00 +0000</pubDate>
      
      <guid>/clients/stc/</guid>
      <description></description>
    </item>
    
    <item>
      <title></title>
      <link>/clients/tl/</link>
      <pubDate>Mon, 01 Jan 0001 00:00:00 +0000</pubDate>
      
      <guid>/clients/tl/</guid>
      <description></description>
    </item>
    
    <item>
      <title></title>
      <link>/clients/vanhoecke/</link>
      <pubDate>Mon, 01 Jan 0001 00:00:00 +0000</pubDate>
      
      <guid>/clients/vanhoecke/</guid>
      <description></description>
    </item>
    
    <item>
      <title></title>
      <link>/clients/vanpey/</link>
      <pubDate>Mon, 01 Jan 0001 00:00:00 +0000</pubDate>
      
      <guid>/clients/vanpey/</guid>
      <description></description>
    </item>
    
    <item>
      <title></title>
      <link>/clients/yes/</link>
      <pubDate>Mon, 01 Jan 0001 00:00:00 +0000</pubDate>
      
      <guid>/clients/yes/</guid>
      <description></description>
    </item>
    
    <item>
      <title></title>
      <link>/clients/zebrakatz/</link>
      <pubDate>Mon, 01 Jan 0001 00:00:00 +0000</pubDate>
      
      <guid>/clients/zebrakatz/</guid>
      <description></description>
    </item>
    
    <item>
      <title></title>
      <link>/cv/formdusche-jad/</link>
      <pubDate>Mon, 01 Jan 0001 00:00:00 +0000</pubDate>
      
      <guid>/cv/formdusche-jad/</guid>
      <description>+++ cvPlace = &amp;ldquo;formdusche — Studio für Gestaltung, Berlin&amp;rdquo; cvPosition = &amp;ldquo;Junior Art Director &amp;quot; cvTime = &amp;ldquo;2019 — 2021&amp;rdquo; cvUrl = &amp;ldquo;https://formdusche.de&amp;rdquo;
+++</description>
    </item>
    
    <item>
      <title></title>
      <link>/features/blank-poster-vol1/</link>
      <pubDate>Mon, 01 Jan 0001 00:00:00 +0000</pubDate>
      
      <guid>/features/blank-poster-vol1/</guid>
      <description></description>
    </item>
    
    <item>
      <title></title>
      <link>/features/brutalist-websites/</link>
      <pubDate>Mon, 01 Jan 0001 00:00:00 +0000</pubDate>
      
      <guid>/features/brutalist-websites/</guid>
      <description></description>
    </item>
    
    <item>
      <title></title>
      <link>/features/cmde/</link>
      <pubDate>Mon, 01 Jan 0001 00:00:00 +0000</pubDate>
      
      <guid>/features/cmde/</guid>
      <description></description>
    </item>
    
    <item>
      <title></title>
      <link>/features/cruel-letter/</link>
      <pubDate>Mon, 01 Jan 0001 00:00:00 +0000</pubDate>
      
      <guid>/features/cruel-letter/</guid>
      <description></description>
    </item>
    
    <item>
      <title></title>
      <link>/features/die-tuer-mdrv/</link>
      <pubDate>Mon, 01 Jan 0001 00:00:00 +0000</pubDate>
      
      <guid>/features/die-tuer-mdrv/</guid>
      <description></description>
    </item>
    
    <item>
      <title></title>
      <link>/features/kaltblut/</link>
      <pubDate>Mon, 01 Jan 0001 00:00:00 +0000</pubDate>
      
      <guid>/features/kaltblut/</guid>
      <description></description>
    </item>
    
    <item>
      <title></title>
      <link>/features/the-happy-zine/</link>
      <pubDate>Mon, 01 Jan 0001 00:00:00 +0000</pubDate>
      
      <guid>/features/the-happy-zine/</guid>
      <description></description>
    </item>
    
    <item>
      <title></title>
      <link>/features/typographic-posters/</link>
      <pubDate>Mon, 01 Jan 0001 00:00:00 +0000</pubDate>
      
      <guid>/features/typographic-posters/</guid>
      <description></description>
    </item>
    
    <item>
      <title></title>
      <link>/features/zwischenablage/</link>
      <pubDate>Mon, 01 Jan 0001 00:00:00 +0000</pubDate>
      
      <guid>/features/zwischenablage/</guid>
      <description></description>
    </item>
    
    <item>
      <title></title>
      <link>/intro/</link>
      <pubDate>Mon, 01 Jan 0001 00:00:00 +0000</pubDate>
      
      <guid>/intro/</guid>
      <description>Designer and Art Director
Berlin DE</description>
    </item>
    
    <item>
      <title>A Curriculum In Pictures</title>
      <link>/posts/a-curriculum-in-pictures/</link>
      <pubDate>Mon, 01 Jan 0001 00:00:00 +0000</pubDate>
      
      <guid>/posts/a-curriculum-in-pictures/</guid>
      <description></description>
    </item>
    
    <item>
      <title>Abitur 2049</title>
      <link>/posts/abitur-2049/</link>
      <pubDate>Mon, 01 Jan 0001 00:00:00 +0000</pubDate>
      
      <guid>/posts/abitur-2049/</guid>
      <description></description>
    </item>
    
    <item>
      <title>Collateral Extinction</title>
      <link>/posts/collateral-extinction/</link>
      <pubDate>Mon, 01 Jan 0001 00:00:00 +0000</pubDate>
      
      <guid>/posts/collateral-extinction/</guid>
      <description></description>
    </item>
    
    <item>
      <title>Data Privacy</title>
      <link>/privacy/</link>
      <pubDate>Mon, 01 Jan 0001 00:00:00 +0000</pubDate>
      
      <guid>/privacy/</guid>
      <description>Datenschutz­erklärung 1. Datenschutz auf einen Blick Allgemeine Hinweise Die folgenden Hinweise geben einen einfachen Überblick darüber, was mit Ihren personenbezogenen Daten passiert, wenn Sie diese Website besuchen. Personenbezogene Daten sind alle Daten, mit denen Sie persönlich identifiziert werden können. Ausführliche Informationen zum Thema Datenschutz entnehmen Sie unserer unter diesem Text aufgeführten Datenschutzerklärung.
Datenerfassung auf dieser Website Wer ist verantwortlich für die Datenerfassung auf dieser Website? Die Datenverarbeitung auf dieser Website erfolgt durch den Websitebetreiber.</description>
    </item>
    
    <item>
      <title>DDC Gute Gestaltung 19</title>
      <link>/posts/ddc-gute-gestaltung-19/</link>
      <pubDate>Mon, 01 Jan 0001 00:00:00 +0000</pubDate>
      
      <guid>/posts/ddc-gute-gestaltung-19/</guid>
      <description></description>
    </item>
    
    <item>
      <title>DDC Gute Gestaltung 2019</title>
      <link>/posts/ddc-gute-gestaltung-2019/</link>
      <pubDate>Mon, 01 Jan 0001 00:00:00 +0000</pubDate>
      
      <guid>/posts/ddc-gute-gestaltung-2019/</guid>
      <description></description>
    </item>
    
    <item>
      <title>Die Wichtigkeit des Banalen — Die Tür</title>
      <link>/posts/die-wichtigkeit-des-banalen-die-t%C3%BCr/</link>
      <pubDate>Mon, 01 Jan 0001 00:00:00 +0000</pubDate>
      
      <guid>/posts/die-wichtigkeit-des-banalen-die-t%C3%BCr/</guid>
      <description></description>
    </item>
    
    <item>
      <title>Dinner Time Tour — CIVA Exhibition Tour</title>
      <link>/posts/dinner-time-tour-civa-exhibition-tour/</link>
      <pubDate>Mon, 01 Jan 0001 00:00:00 +0000</pubDate>
      
      <guid>/posts/dinner-time-tour-civa-exhibition-tour/</guid>
      <description></description>
    </item>
    
    <item>
      <title>DJ Gran Sport — Memphis House</title>
      <link>/posts/dj-gran-sport-memphis-house/</link>
      <pubDate>Mon, 01 Jan 0001 00:00:00 +0000</pubDate>
      
      <guid>/posts/dj-gran-sport-memphis-house/</guid>
      <description></description>
    </item>
    
    <item>
      <title>eos chamber orchestra</title>
      <link>/posts/eos-chamber-orchestra/</link>
      <pubDate>Mon, 01 Jan 0001 00:00:00 +0000</pubDate>
      
      <guid>/posts/eos-chamber-orchestra/</guid>
      <description></description>
    </item>
    
    <item>
      <title>Freiheit — Andererseits N° 19</title>
      <link>/posts/andererseits-n-19-freiheit/</link>
      <pubDate>Mon, 01 Jan 0001 00:00:00 +0000</pubDate>
      
      <guid>/posts/andererseits-n-19-freiheit/</guid>
      <description></description>
    </item>
    
    <item>
      <title>Glaskasten Marl</title>
      <link>/posts/glaskasten-marl/</link>
      <pubDate>Mon, 01 Jan 0001 00:00:00 +0000</pubDate>
      
      <guid>/posts/glaskasten-marl/</guid>
      <description></description>
    </item>
    
    <item>
      <title>Good Die My Friend</title>
      <link>/posts/good-die-my-friend/</link>
      <pubDate>Mon, 01 Jan 0001 00:00:00 +0000</pubDate>
      
      <guid>/posts/good-die-my-friend/</guid>
      <description></description>
    </item>
    
    <item>
      <title>Imprint</title>
      <link>/imprint/</link>
      <pubDate>Mon, 01 Jan 0001 00:00:00 +0000</pubDate>
      
      <guid>/imprint/</guid>
      <description>Angaben gemäß § 5 TMG Felix Buhler
Designer &amp;amp; Art Director
Reichenberger Str. 140
10999 Berlin
Kontakt (&amp;#43;49) 176 64796213
hi@felix-buhler.de
EU-Streitschlichtung Die Europäische Kommission stellt eine Plattform zur Online-Streitbeilegung (OS) bereit:
https://ec.europa.eu/consumers/odr/.
Unsere E-Mail-Adresse finden Sie oben im Impressum.
Verbraucherstreitbeilegung / Universalschlichtungsstelle Wir sind nicht bereit oder verpflichtet, an Streitbeilegungsverfahren vor einer Verbraucherschlichtungsstelle teilzunehmen.</description>
    </item>
    
    <item>
      <title>Let’s Get Physical</title>
      <link>/posts/let-s-get-physical/</link>
      <pubDate>Mon, 01 Jan 0001 00:00:00 +0000</pubDate>
      
      <guid>/posts/let-s-get-physical/</guid>
      <description></description>
    </item>
    
    <item>
      <title>PL—AGV3</title>
      <link>/posts/plagv3/</link>
      <pubDate>Mon, 01 Jan 0001 00:00:00 +0000</pubDate>
      
      <guid>/posts/plagv3/</guid>
      <description></description>
    </item>
    
    <item>
      <title>Sag, Meister</title>
      <link>/posts/sag-meister/</link>
      <pubDate>Mon, 01 Jan 0001 00:00:00 +0000</pubDate>
      
      <guid>/posts/sag-meister/</guid>
      <description></description>
    </item>
    
    <item>
      <title>SPEKTRUM Werkschau</title>
      <link>/posts/spektrum-werkschau/</link>
      <pubDate>Mon, 01 Jan 0001 00:00:00 +0000</pubDate>
      
      <guid>/posts/spektrum-werkschau/</guid>
      <description></description>
    </item>
    
    <item>
      <title>Verwandlungen — Andererseits N° 17</title>
      <link>/posts/andererseits-17-verwandlungen/</link>
      <pubDate>Mon, 01 Jan 0001 00:00:00 +0000</pubDate>
      
      <guid>/posts/andererseits-17-verwandlungen/</guid>
      <description></description>
    </item>
    
    <item>
      <title>Website</title>
      <link>/posts/website/</link>
      <pubDate>Mon, 01 Jan 0001 00:00:00 +0000</pubDate>
      
      <guid>/posts/website/</guid>
      <description></description>
    </item>
    
    <item>
      <title>Yoga &amp; Bike Branding</title>
      <link>/posts/yoga-bike/</link>
      <pubDate>Mon, 01 Jan 0001 00:00:00 +0000</pubDate>
      
      <guid>/posts/yoga-bike/</guid>
      <description></description>
    </item>
    
    <item>
      <title>YouTube Intro</title>
      <link>/posts/youtube-intro/</link>
      <pubDate>Mon, 01 Jan 0001 00:00:00 +0000</pubDate>
      
      <guid>/posts/youtube-intro/</guid>
      <description></description>
    </item>
    
  </channel>
</rss>
