<?xml version="1.0" encoding="utf-8" standalone="yes"?>
<rss version="2.0" xmlns:atom="http://www.w3.org/2005/Atom">
  <channel>
    <title>Clients on Felix Buhler</title>
    <link>/clients/</link>
    <description>Recent content in Clients on Felix Buhler</description>
    <generator>Hugo -- gohugo.io</generator>
    <language>en-us</language><atom:link href="/clients/index.xml" rel="self" type="application/rss+xml" />
    <item>
      <title></title>
      <link>/clients/alina-kossan/</link>
      <pubDate>Mon, 01 Jan 0001 00:00:00 +0000</pubDate>
      
      <guid>/clients/alina-kossan/</guid>
      <description></description>
    </item>
    
    <item>
      <title></title>
      <link>/clients/blackroll/</link>
      <pubDate>Mon, 01 Jan 0001 00:00:00 +0000</pubDate>
      
      <guid>/clients/blackroll/</guid>
      <description></description>
    </item>
    
    <item>
      <title></title>
      <link>/clients/blum/</link>
      <pubDate>Mon, 01 Jan 0001 00:00:00 +0000</pubDate>
      
      <guid>/clients/blum/</guid>
      <description></description>
    </item>
    
    <item>
      <title></title>
      <link>/clients/cosmiccompositions/</link>
      <pubDate>Mon, 01 Jan 0001 00:00:00 +0000</pubDate>
      
      <guid>/clients/cosmiccompositions/</guid>
      <description></description>
    </item>
    
    <item>
      <title></title>
      <link>/clients/dagmar-buhler/</link>
      <pubDate>Mon, 01 Jan 0001 00:00:00 +0000</pubDate>
      
      <guid>/clients/dagmar-buhler/</guid>
      <description></description>
    </item>
    
    <item>
      <title></title>
      <link>/clients/ddc/</link>
      <pubDate>Mon, 01 Jan 0001 00:00:00 +0000</pubDate>
      
      <guid>/clients/ddc/</guid>
      <description></description>
    </item>
    
    <item>
      <title></title>
      <link>/clients/echtbodensee/</link>
      <pubDate>Mon, 01 Jan 0001 00:00:00 +0000</pubDate>
      
      <guid>/clients/echtbodensee/</guid>
      <description></description>
    </item>
    
    <item>
      <title></title>
      <link>/clients/eoschamberorchestra/</link>
      <pubDate>Mon, 01 Jan 0001 00:00:00 +0000</pubDate>
      
      <guid>/clients/eoschamberorchestra/</guid>
      <description></description>
    </item>
    
    <item>
      <title></title>
      <link>/clients/foreverbroke/</link>
      <pubDate>Mon, 01 Jan 0001 00:00:00 +0000</pubDate>
      
      <guid>/clients/foreverbroke/</guid>
      <description></description>
    </item>
    
    <item>
      <title></title>
      <link>/clients/ftp/</link>
      <pubDate>Mon, 01 Jan 0001 00:00:00 +0000</pubDate>
      
      <guid>/clients/ftp/</guid>
      <description></description>
    </item>
    
    <item>
      <title></title>
      <link>/clients/grips/</link>
      <pubDate>Mon, 01 Jan 0001 00:00:00 +0000</pubDate>
      
      <guid>/clients/grips/</guid>
      <description></description>
    </item>
    
    <item>
      <title></title>
      <link>/clients/hessisches-staatstheater-wiesbaden/</link>
      <pubDate>Mon, 01 Jan 0001 00:00:00 +0000</pubDate>
      
      <guid>/clients/hessisches-staatstheater-wiesbaden/</guid>
      <description></description>
    </item>
    
    <item>
      <title></title>
      <link>/clients/hoo/</link>
      <pubDate>Mon, 01 Jan 0001 00:00:00 +0000</pubDate>
      
      <guid>/clients/hoo/</guid>
      <description></description>
    </item>
    
    <item>
      <title></title>
      <link>/clients/imf/</link>
      <pubDate>Mon, 01 Jan 0001 00:00:00 +0000</pubDate>
      
      <guid>/clients/imf/</guid>
      <description></description>
    </item>
    
    <item>
      <title></title>
      <link>/clients/ir/</link>
      <pubDate>Mon, 01 Jan 0001 00:00:00 +0000</pubDate>
      
      <guid>/clients/ir/</guid>
      <description></description>
    </item>
    
    <item>
      <title></title>
      <link>/clients/jazzclublindau/</link>
      <pubDate>Mon, 01 Jan 0001 00:00:00 +0000</pubDate>
      
      <guid>/clients/jazzclublindau/</guid>
      <description></description>
    </item>
    
    <item>
      <title></title>
      <link>/clients/just/</link>
      <pubDate>Mon, 01 Jan 0001 00:00:00 +0000</pubDate>
      
      <guid>/clients/just/</guid>
      <description></description>
    </item>
    
    <item>
      <title></title>
      <link>/clients/karmaxutra/</link>
      <pubDate>Mon, 01 Jan 0001 00:00:00 +0000</pubDate>
      
      <guid>/clients/karmaxutra/</guid>
      <description></description>
    </item>
    
    <item>
      <title></title>
      <link>/clients/kubi/</link>
      <pubDate>Mon, 01 Jan 0001 00:00:00 +0000</pubDate>
      
      <guid>/clients/kubi/</guid>
      <description></description>
    </item>
    
    <item>
      <title></title>
      <link>/clients/kulturlindau/</link>
      <pubDate>Mon, 01 Jan 0001 00:00:00 +0000</pubDate>
      
      <guid>/clients/kulturlindau/</guid>
      <description></description>
    </item>
    
    <item>
      <title></title>
      <link>/clients/kusa/</link>
      <pubDate>Mon, 01 Jan 0001 00:00:00 +0000</pubDate>
      
      <guid>/clients/kusa/</guid>
      <description></description>
    </item>
    
    <item>
      <title></title>
      <link>/clients/leipzigtourismus/</link>
      <pubDate>Mon, 01 Jan 0001 00:00:00 +0000</pubDate>
      
      <guid>/clients/leipzigtourismus/</guid>
      <description></description>
    </item>
    
    <item>
      <title></title>
      <link>/clients/mdrv/</link>
      <pubDate>Mon, 01 Jan 0001 00:00:00 +0000</pubDate>
      
      <guid>/clients/mdrv/</guid>
      <description></description>
    </item>
    
    <item>
      <title></title>
      <link>/clients/mhp/</link>
      <pubDate>Mon, 01 Jan 0001 00:00:00 +0000</pubDate>
      
      <guid>/clients/mhp/</guid>
      <description></description>
    </item>
    
    <item>
      <title></title>
      <link>/clients/musikstadtleipzig/</link>
      <pubDate>Mon, 01 Jan 0001 00:00:00 +0000</pubDate>
      
      <guid>/clients/musikstadtleipzig/</guid>
      <description></description>
    </item>
    
    <item>
      <title></title>
      <link>/clients/ntm/</link>
      <pubDate>Mon, 01 Jan 0001 00:00:00 +0000</pubDate>
      
      <guid>/clients/ntm/</guid>
      <description></description>
    </item>
    
    <item>
      <title></title>
      <link>/clients/operleipzig/</link>
      <pubDate>Mon, 01 Jan 0001 00:00:00 +0000</pubDate>
      
      <guid>/clients/operleipzig/</guid>
      <description></description>
    </item>
    
    <item>
      <title></title>
      <link>/clients/pylon/</link>
      <pubDate>Mon, 01 Jan 0001 00:00:00 +0000</pubDate>
      
      <guid>/clients/pylon/</guid>
      <description>+++ clientTitle = &amp;ldquo;Pylon Lab&amp;rdquo; client_url = &amp;ldquo;https://pylon-hub.com/&amp;quot;
+++</description>
    </item>
    
    <item>
      <title></title>
      <link>/clients/quotec/</link>
      <pubDate>Mon, 01 Jan 0001 00:00:00 +0000</pubDate>
      
      <guid>/clients/quotec/</guid>
      <description></description>
    </item>
    
    <item>
      <title></title>
      <link>/clients/shg/</link>
      <pubDate>Mon, 01 Jan 0001 00:00:00 +0000</pubDate>
      
      <guid>/clients/shg/</guid>
      <description></description>
    </item>
    
    <item>
      <title></title>
      <link>/clients/sinnerstorage/</link>
      <pubDate>Mon, 01 Jan 0001 00:00:00 +0000</pubDate>
      
      <guid>/clients/sinnerstorage/</guid>
      <description></description>
    </item>
    
    <item>
      <title></title>
      <link>/clients/stc/</link>
      <pubDate>Mon, 01 Jan 0001 00:00:00 +0000</pubDate>
      
      <guid>/clients/stc/</guid>
      <description></description>
    </item>
    
    <item>
      <title></title>
      <link>/clients/tl/</link>
      <pubDate>Mon, 01 Jan 0001 00:00:00 +0000</pubDate>
      
      <guid>/clients/tl/</guid>
      <description></description>
    </item>
    
    <item>
      <title></title>
      <link>/clients/vanhoecke/</link>
      <pubDate>Mon, 01 Jan 0001 00:00:00 +0000</pubDate>
      
      <guid>/clients/vanhoecke/</guid>
      <description></description>
    </item>
    
    <item>
      <title></title>
      <link>/clients/vanpey/</link>
      <pubDate>Mon, 01 Jan 0001 00:00:00 +0000</pubDate>
      
      <guid>/clients/vanpey/</guid>
      <description></description>
    </item>
    
    <item>
      <title></title>
      <link>/clients/yes/</link>
      <pubDate>Mon, 01 Jan 0001 00:00:00 +0000</pubDate>
      
      <guid>/clients/yes/</guid>
      <description></description>
    </item>
    
    <item>
      <title></title>
      <link>/clients/zebrakatz/</link>
      <pubDate>Mon, 01 Jan 0001 00:00:00 +0000</pubDate>
      
      <guid>/clients/zebrakatz/</guid>
      <description></description>
    </item>
    
  </channel>
</rss>
