<?xml version="1.0" encoding="utf-8" standalone="yes"?>
<rss version="2.0" xmlns:atom="http://www.w3.org/2005/Atom">
  <channel>
    <title>UI on Felix Buhler</title>
    <link>/tags/ui/</link>
    <description>Recent content in UI on Felix Buhler</description>
    <generator>Hugo -- gohugo.io</generator>
    <language>en-us</language><atom:link href="/tags/ui/index.xml" rel="self" type="application/rss+xml" />
    <item>
      <title>Website</title>
      <link>/posts/website/</link>
      <pubDate>Mon, 01 Jan 0001 00:00:00 +0000</pubDate>
      
      <guid>/posts/website/</guid>
      <description></description>
    </item>
    
    <item>
      <title>Yoga &amp; Bike Branding</title>
      <link>/posts/yoga-bike/</link>
      <pubDate>Mon, 01 Jan 0001 00:00:00 +0000</pubDate>
      
      <guid>/posts/yoga-bike/</guid>
      <description></description>
    </item>
    
  </channel>
</rss>
