<?xml version="1.0" encoding="utf-8" standalone="yes"?>
<rss version="2.0" xmlns:atom="http://www.w3.org/2005/Atom">
  <channel>
    <title>Art Direction on Felix Buhler</title>
    <link>/tags/art-direction/</link>
    <description>Recent content in Art Direction on Felix Buhler</description>
    <generator>Hugo -- gohugo.io</generator>
    <language>en-us</language><atom:link href="/tags/art-direction/index.xml" rel="self" type="application/rss+xml" />
    <item>
      <title>Freiheit — Andererseits N° 19</title>
      <link>/posts/andererseits-n-19-freiheit/</link>
      <pubDate>Mon, 01 Jan 0001 00:00:00 +0000</pubDate>
      
      <guid>/posts/andererseits-n-19-freiheit/</guid>
      <description></description>
    </item>
    
    <item>
      <title>Verwandlungen — Andererseits N° 17</title>
      <link>/posts/andererseits-17-verwandlungen/</link>
      <pubDate>Mon, 01 Jan 0001 00:00:00 +0000</pubDate>
      
      <guid>/posts/andererseits-17-verwandlungen/</guid>
      <description></description>
    </item>
    
  </channel>
</rss>
