<?xml version="1.0" encoding="utf-8" standalone="yes"?>
<rss version="2.0" xmlns:atom="http://www.w3.org/2005/Atom">
  <channel>
    <title>Sound Design on Felix Buhler</title>
    <link>/tags/sound-design/</link>
    <description>Recent content in Sound Design on Felix Buhler</description>
    <generator>Hugo -- gohugo.io</generator>
    <language>en-us</language><atom:link href="/tags/sound-design/index.xml" rel="self" type="application/rss+xml" />
    <item>
      <title>Good Die My Friend</title>
      <link>/posts/good-die-my-friend/</link>
      <pubDate>Mon, 01 Jan 0001 00:00:00 +0000</pubDate>
      
      <guid>/posts/good-die-my-friend/</guid>
      <description></description>
    </item>
    
    <item>
      <title>Sag, Meister</title>
      <link>/posts/sag-meister/</link>
      <pubDate>Mon, 01 Jan 0001 00:00:00 +0000</pubDate>
      
      <guid>/posts/sag-meister/</guid>
      <description></description>
    </item>
    
    <item>
      <title>YouTube Intro</title>
      <link>/posts/youtube-intro/</link>
      <pubDate>Mon, 01 Jan 0001 00:00:00 +0000</pubDate>
      
      <guid>/posts/youtube-intro/</guid>
      <description></description>
    </item>
    
  </channel>
</rss>
