<?xml version="1.0" encoding="utf-8" standalone="yes"?>
<rss version="2.0" xmlns:atom="http://www.w3.org/2005/Atom">
  <channel>
    <title>Packaging Design on Felix Buhler</title>
    <link>/tags/packaging-design/</link>
    <description>Recent content in Packaging Design on Felix Buhler</description>
    <generator>Hugo -- gohugo.io</generator>
    <language>en-us</language><atom:link href="/tags/packaging-design/index.xml" rel="self" type="application/rss+xml" />
    <item>
      <title>DJ Gran Sport — Memphis House</title>
      <link>/posts/dj-gran-sport-memphis-house/</link>
      <pubDate>Mon, 01 Jan 0001 00:00:00 +0000</pubDate>
      
      <guid>/posts/dj-gran-sport-memphis-house/</guid>
      <description></description>
    </item>
    
  </channel>
</rss>
