<?xml version="1.0" encoding="utf-8" standalone="yes"?>
<rss version="2.0" xmlns:atom="http://www.w3.org/2005/Atom">
  <channel>
    <title>Posts on Felix Buhler</title>
    <link>/posts/</link>
    <description>Recent content in Posts on Felix Buhler</description>
    <generator>Hugo -- gohugo.io</generator>
    <language>en-us</language><atom:link href="/posts/index.xml" rel="self" type="application/rss+xml" />
    <item>
      <title>A Curriculum In Pictures</title>
      <link>/posts/a-curriculum-in-pictures/</link>
      <pubDate>Mon, 01 Jan 0001 00:00:00 +0000</pubDate>
      
      <guid>/posts/a-curriculum-in-pictures/</guid>
      <description></description>
    </item>
    
    <item>
      <title>Abitur 2049</title>
      <link>/posts/abitur-2049/</link>
      <pubDate>Mon, 01 Jan 0001 00:00:00 +0000</pubDate>
      
      <guid>/posts/abitur-2049/</guid>
      <description></description>
    </item>
    
    <item>
      <title>Collateral Extinction</title>
      <link>/posts/collateral-extinction/</link>
      <pubDate>Mon, 01 Jan 0001 00:00:00 +0000</pubDate>
      
      <guid>/posts/collateral-extinction/</guid>
      <description></description>
    </item>
    
    <item>
      <title>DDC Gute Gestaltung 19</title>
      <link>/posts/ddc-gute-gestaltung-19/</link>
      <pubDate>Mon, 01 Jan 0001 00:00:00 +0000</pubDate>
      
      <guid>/posts/ddc-gute-gestaltung-19/</guid>
      <description></description>
    </item>
    
    <item>
      <title>DDC Gute Gestaltung 2019</title>
      <link>/posts/ddc-gute-gestaltung-2019/</link>
      <pubDate>Mon, 01 Jan 0001 00:00:00 +0000</pubDate>
      
      <guid>/posts/ddc-gute-gestaltung-2019/</guid>
      <description></description>
    </item>
    
    <item>
      <title>Die Wichtigkeit des Banalen — Die Tür</title>
      <link>/posts/die-wichtigkeit-des-banalen-die-t%C3%BCr/</link>
      <pubDate>Mon, 01 Jan 0001 00:00:00 +0000</pubDate>
      
      <guid>/posts/die-wichtigkeit-des-banalen-die-t%C3%BCr/</guid>
      <description></description>
    </item>
    
    <item>
      <title>Dinner Time Tour — CIVA Exhibition Tour</title>
      <link>/posts/dinner-time-tour-civa-exhibition-tour/</link>
      <pubDate>Mon, 01 Jan 0001 00:00:00 +0000</pubDate>
      
      <guid>/posts/dinner-time-tour-civa-exhibition-tour/</guid>
      <description></description>
    </item>
    
    <item>
      <title>DJ Gran Sport — Memphis House</title>
      <link>/posts/dj-gran-sport-memphis-house/</link>
      <pubDate>Mon, 01 Jan 0001 00:00:00 +0000</pubDate>
      
      <guid>/posts/dj-gran-sport-memphis-house/</guid>
      <description></description>
    </item>
    
    <item>
      <title>eos chamber orchestra</title>
      <link>/posts/eos-chamber-orchestra/</link>
      <pubDate>Mon, 01 Jan 0001 00:00:00 +0000</pubDate>
      
      <guid>/posts/eos-chamber-orchestra/</guid>
      <description></description>
    </item>
    
    <item>
      <title>Freiheit — Andererseits N° 19</title>
      <link>/posts/andererseits-n-19-freiheit/</link>
      <pubDate>Mon, 01 Jan 0001 00:00:00 +0000</pubDate>
      
      <guid>/posts/andererseits-n-19-freiheit/</guid>
      <description></description>
    </item>
    
    <item>
      <title>Glaskasten Marl</title>
      <link>/posts/glaskasten-marl/</link>
      <pubDate>Mon, 01 Jan 0001 00:00:00 +0000</pubDate>
      
      <guid>/posts/glaskasten-marl/</guid>
      <description></description>
    </item>
    
    <item>
      <title>Good Die My Friend</title>
      <link>/posts/good-die-my-friend/</link>
      <pubDate>Mon, 01 Jan 0001 00:00:00 +0000</pubDate>
      
      <guid>/posts/good-die-my-friend/</guid>
      <description></description>
    </item>
    
    <item>
      <title>Let’s Get Physical</title>
      <link>/posts/let-s-get-physical/</link>
      <pubDate>Mon, 01 Jan 0001 00:00:00 +0000</pubDate>
      
      <guid>/posts/let-s-get-physical/</guid>
      <description></description>
    </item>
    
    <item>
      <title>PL—AGV3</title>
      <link>/posts/plagv3/</link>
      <pubDate>Mon, 01 Jan 0001 00:00:00 +0000</pubDate>
      
      <guid>/posts/plagv3/</guid>
      <description></description>
    </item>
    
    <item>
      <title>Sag, Meister</title>
      <link>/posts/sag-meister/</link>
      <pubDate>Mon, 01 Jan 0001 00:00:00 +0000</pubDate>
      
      <guid>/posts/sag-meister/</guid>
      <description></description>
    </item>
    
    <item>
      <title>SPEKTRUM Werkschau</title>
      <link>/posts/spektrum-werkschau/</link>
      <pubDate>Mon, 01 Jan 0001 00:00:00 +0000</pubDate>
      
      <guid>/posts/spektrum-werkschau/</guid>
      <description></description>
    </item>
    
    <item>
      <title>Verwandlungen — Andererseits N° 17</title>
      <link>/posts/andererseits-17-verwandlungen/</link>
      <pubDate>Mon, 01 Jan 0001 00:00:00 +0000</pubDate>
      
      <guid>/posts/andererseits-17-verwandlungen/</guid>
      <description></description>
    </item>
    
    <item>
      <title>Website</title>
      <link>/posts/website/</link>
      <pubDate>Mon, 01 Jan 0001 00:00:00 +0000</pubDate>
      
      <guid>/posts/website/</guid>
      <description></description>
    </item>
    
    <item>
      <title>Yoga &amp; Bike Branding</title>
      <link>/posts/yoga-bike/</link>
      <pubDate>Mon, 01 Jan 0001 00:00:00 +0000</pubDate>
      
      <guid>/posts/yoga-bike/</guid>
      <description></description>
    </item>
    
    <item>
      <title>YouTube Intro</title>
      <link>/posts/youtube-intro/</link>
      <pubDate>Mon, 01 Jan 0001 00:00:00 +0000</pubDate>
      
      <guid>/posts/youtube-intro/</guid>
      <description></description>
    </item>
    
  </channel>
</rss>
