<?xml version="1.0" encoding="utf-8" standalone="yes"?>
<rss version="2.0" xmlns:atom="http://www.w3.org/2005/Atom">
  <channel>
    <title>WebVR on Felix Buhler</title>
    <link>/tags/webvr/</link>
    <description>Recent content in WebVR on Felix Buhler</description>
    <generator>Hugo -- gohugo.io</generator>
    <language>en-us</language><atom:link href="/tags/webvr/index.xml" rel="self" type="application/rss+xml" />
    <item>
      <title>Dinner Time Tour — CIVA Exhibition Tour</title>
      <link>/posts/dinner-time-tour-civa-exhibition-tour/</link>
      <pubDate>Mon, 01 Jan 0001 00:00:00 +0000</pubDate>
      
      <guid>/posts/dinner-time-tour-civa-exhibition-tour/</guid>
      <description></description>
    </item>
    
  </channel>
</rss>
