<?xml version="1.0" encoding="utf-8" standalone="yes"?>
<rss version="2.0" xmlns:atom="http://www.w3.org/2005/Atom">
  <channel>
    <title>Editorial on Felix Buhler</title>
    <link>/tags/editorial/</link>
    <description>Recent content in Editorial on Felix Buhler</description>
    <generator>Hugo -- gohugo.io</generator>
    <language>en-us</language><atom:link href="/tags/editorial/index.xml" rel="self" type="application/rss+xml" />
    <item>
      <title>DDC Gute Gestaltung 19</title>
      <link>/posts/ddc-gute-gestaltung-19/</link>
      <pubDate>Mon, 01 Jan 0001 00:00:00 +0000</pubDate>
      
      <guid>/posts/ddc-gute-gestaltung-19/</guid>
      <description></description>
    </item>
    
    <item>
      <title>Verwandlungen — Andererseits N° 17</title>
      <link>/posts/andererseits-17-verwandlungen/</link>
      <pubDate>Mon, 01 Jan 0001 00:00:00 +0000</pubDate>
      
      <guid>/posts/andererseits-17-verwandlungen/</guid>
      <description></description>
    </item>
    
  </channel>
</rss>
