<?xml version="1.0" encoding="utf-8" standalone="yes"?>
<rss version="2.0" xmlns:atom="http://www.w3.org/2005/Atom">
  <channel>
    <title>Editorial Design on Felix Buhler</title>
    <link>/tags/editorial-design/</link>
    <description>Recent content in Editorial Design on Felix Buhler</description>
    <generator>Hugo -- gohugo.io</generator>
    <language>en-us</language><atom:link href="/tags/editorial-design/index.xml" rel="self" type="application/rss+xml" />
    <item>
      <title>DDC Gute Gestaltung 2019</title>
      <link>/posts/ddc-gute-gestaltung-2019/</link>
      <pubDate>Mon, 01 Jan 0001 00:00:00 +0000</pubDate>
      
      <guid>/posts/ddc-gute-gestaltung-2019/</guid>
      <description></description>
    </item>
    
    <item>
      <title>Die Wichtigkeit des Banalen — Die Tür</title>
      <link>/posts/die-wichtigkeit-des-banalen-die-t%C3%BCr/</link>
      <pubDate>Mon, 01 Jan 0001 00:00:00 +0000</pubDate>
      
      <guid>/posts/die-wichtigkeit-des-banalen-die-t%C3%BCr/</guid>
      <description></description>
    </item>
    
    <item>
      <title>Freiheit — Andererseits N° 19</title>
      <link>/posts/andererseits-n-19-freiheit/</link>
      <pubDate>Mon, 01 Jan 0001 00:00:00 +0000</pubDate>
      
      <guid>/posts/andererseits-n-19-freiheit/</guid>
      <description></description>
    </item>
    
  </channel>
</rss>
