<?xml version="1.0" encoding="utf-8" standalone="yes"?>
<rss version="2.0" xmlns:atom="http://www.w3.org/2005/Atom">
  <channel>
    <title>Tags on Felix Buhler</title>
    <link>/tags/</link>
    <description>Recent content in Tags on Felix Buhler</description>
    <generator>Hugo -- gohugo.io</generator>
    <language>en-us</language><atom:link href="/tags/index.xml" rel="self" type="application/rss+xml" />
    <item>
      <title>3D</title>
      <link>/tags/3d/</link>
      <pubDate>Mon, 01 Jan 0001 00:00:00 +0000</pubDate>
      
      <guid>/tags/3d/</guid>
      <description></description>
    </item>
    
    <item>
      <title>AI</title>
      <link>/tags/ai/</link>
      <pubDate>Mon, 01 Jan 0001 00:00:00 +0000</pubDate>
      
      <guid>/tags/ai/</guid>
      <description></description>
    </item>
    
    <item>
      <title>Animation</title>
      <link>/tags/animation/</link>
      <pubDate>Mon, 01 Jan 0001 00:00:00 +0000</pubDate>
      
      <guid>/tags/animation/</guid>
      <description></description>
    </item>
    
    <item>
      <title>Art Direction</title>
      <link>/tags/art-direction/</link>
      <pubDate>Mon, 01 Jan 0001 00:00:00 +0000</pubDate>
      
      <guid>/tags/art-direction/</guid>
      <description></description>
    </item>
    
    <item>
      <title>Branding</title>
      <link>/tags/branding/</link>
      <pubDate>Mon, 01 Jan 0001 00:00:00 +0000</pubDate>
      
      <guid>/tags/branding/</guid>
      <description></description>
    </item>
    
    <item>
      <title>Campaign</title>
      <link>/tags/campaign/</link>
      <pubDate>Mon, 01 Jan 0001 00:00:00 +0000</pubDate>
      
      <guid>/tags/campaign/</guid>
      <description></description>
    </item>
    
    <item>
      <title>Character Design</title>
      <link>/tags/character-design/</link>
      <pubDate>Mon, 01 Jan 0001 00:00:00 +0000</pubDate>
      
      <guid>/tags/character-design/</guid>
      <description></description>
    </item>
    
    <item>
      <title>Development</title>
      <link>/tags/development/</link>
      <pubDate>Mon, 01 Jan 0001 00:00:00 +0000</pubDate>
      
      <guid>/tags/development/</guid>
      <description></description>
    </item>
    
    <item>
      <title>Editorial</title>
      <link>/tags/editorial/</link>
      <pubDate>Mon, 01 Jan 0001 00:00:00 +0000</pubDate>
      
      <guid>/tags/editorial/</guid>
      <description></description>
    </item>
    
    <item>
      <title>Editorial Design</title>
      <link>/tags/editorial-design/</link>
      <pubDate>Mon, 01 Jan 0001 00:00:00 +0000</pubDate>
      
      <guid>/tags/editorial-design/</guid>
      <description></description>
    </item>
    
    <item>
      <title>Exhibition</title>
      <link>/tags/exhibition/</link>
      <pubDate>Mon, 01 Jan 0001 00:00:00 +0000</pubDate>
      
      <guid>/tags/exhibition/</guid>
      <description></description>
    </item>
    
    <item>
      <title>Graphic Design</title>
      <link>/tags/graphic-design/</link>
      <pubDate>Mon, 01 Jan 0001 00:00:00 +0000</pubDate>
      
      <guid>/tags/graphic-design/</guid>
      <description></description>
    </item>
    
    <item>
      <title>Installation</title>
      <link>/tags/installation/</link>
      <pubDate>Mon, 01 Jan 0001 00:00:00 +0000</pubDate>
      
      <guid>/tags/installation/</guid>
      <description></description>
    </item>
    
    <item>
      <title>Interactive</title>
      <link>/tags/interactive/</link>
      <pubDate>Mon, 01 Jan 0001 00:00:00 +0000</pubDate>
      
      <guid>/tags/interactive/</guid>
      <description></description>
    </item>
    
    <item>
      <title>Motion Design</title>
      <link>/tags/motion-design/</link>
      <pubDate>Mon, 01 Jan 0001 00:00:00 +0000</pubDate>
      
      <guid>/tags/motion-design/</guid>
      <description></description>
    </item>
    
    <item>
      <title>Packaging Design</title>
      <link>/tags/packaging-design/</link>
      <pubDate>Mon, 01 Jan 0001 00:00:00 +0000</pubDate>
      
      <guid>/tags/packaging-design/</guid>
      <description></description>
    </item>
    
    <item>
      <title>Sound Design</title>
      <link>/tags/sound-design/</link>
      <pubDate>Mon, 01 Jan 0001 00:00:00 +0000</pubDate>
      
      <guid>/tags/sound-design/</guid>
      <description></description>
    </item>
    
    <item>
      <title>Type Design</title>
      <link>/tags/type-design/</link>
      <pubDate>Mon, 01 Jan 0001 00:00:00 +0000</pubDate>
      
      <guid>/tags/type-design/</guid>
      <description></description>
    </item>
    
    <item>
      <title>UI</title>
      <link>/tags/ui/</link>
      <pubDate>Mon, 01 Jan 0001 00:00:00 +0000</pubDate>
      
      <guid>/tags/ui/</guid>
      <description></description>
    </item>
    
    <item>
      <title>UX / UI</title>
      <link>/tags/ux-/-ui/</link>
      <pubDate>Mon, 01 Jan 0001 00:00:00 +0000</pubDate>
      
      <guid>/tags/ux-/-ui/</guid>
      <description></description>
    </item>
    
    <item>
      <title>WebVR</title>
      <link>/tags/webvr/</link>
      <pubDate>Mon, 01 Jan 0001 00:00:00 +0000</pubDate>
      
      <guid>/tags/webvr/</guid>
      <description></description>
    </item>
    
  </channel>
</rss>
