<?xml version="1.0" encoding="utf-8" standalone="yes"?>
<rss version="2.0" xmlns:atom="http://www.w3.org/2005/Atom">
  <channel>
    <title>Cvs on Felix Buhler</title>
    <link>/cv/</link>
    <description>Recent content in Cvs on Felix Buhler</description>
    <generator>Hugo -- gohugo.io</generator>
    <language>en-us</language><atom:link href="/cv/index.xml" rel="self" type="application/rss+xml" />
    <item>
      <title></title>
      <link>/cv/formdusche-jad/</link>
      <pubDate>Mon, 01 Jan 0001 00:00:00 +0000</pubDate>
      
      <guid>/cv/formdusche-jad/</guid>
      <description>+++ cvPlace = &amp;ldquo;formdusche — Studio für Gestaltung, Berlin&amp;rdquo; cvPosition = &amp;ldquo;Junior Art Director &amp;quot; cvTime = &amp;ldquo;2019 — 2021&amp;rdquo; cvUrl = &amp;ldquo;https://formdusche.de&amp;rdquo;
+++</description>
    </item>
    
  </channel>
</rss>
