<?xml version="1.0" encoding="utf-8" standalone="yes"?>
<rss version="2.0" xmlns:atom="http://www.w3.org/2005/Atom">
  <channel>
    <title>Motion Design on Felix Buhler</title>
    <link>/tags/motion-design/</link>
    <description>Recent content in Motion Design on Felix Buhler</description>
    <generator>Hugo -- gohugo.io</generator>
    <language>en-us</language><atom:link href="/tags/motion-design/index.xml" rel="self" type="application/rss+xml" />
    <item>
      <title>Abitur 2049</title>
      <link>/posts/abitur-2049/</link>
      <pubDate>Mon, 01 Jan 0001 00:00:00 +0000</pubDate>
      
      <guid>/posts/abitur-2049/</guid>
      <description></description>
    </item>
    
    <item>
      <title>eos chamber orchestra</title>
      <link>/posts/eos-chamber-orchestra/</link>
      <pubDate>Mon, 01 Jan 0001 00:00:00 +0000</pubDate>
      
      <guid>/posts/eos-chamber-orchestra/</guid>
      <description></description>
    </item>
    
  </channel>
</rss>
