<?xml version="1.0" encoding="utf-8" standalone="yes"?>
<rss version="2.0" xmlns:atom="http://www.w3.org/2005/Atom">
  <channel>
    <title>Features on Felix Buhler</title>
    <link>/features/</link>
    <description>Recent content in Features on Felix Buhler</description>
    <generator>Hugo -- gohugo.io</generator>
    <language>en-us</language><atom:link href="/features/index.xml" rel="self" type="application/rss+xml" />
    <item>
      <title></title>
      <link>/features/blank-poster-vol1/</link>
      <pubDate>Mon, 01 Jan 0001 00:00:00 +0000</pubDate>
      
      <guid>/features/blank-poster-vol1/</guid>
      <description></description>
    </item>
    
    <item>
      <title></title>
      <link>/features/brutalist-websites/</link>
      <pubDate>Mon, 01 Jan 0001 00:00:00 +0000</pubDate>
      
      <guid>/features/brutalist-websites/</guid>
      <description></description>
    </item>
    
    <item>
      <title></title>
      <link>/features/cmde/</link>
      <pubDate>Mon, 01 Jan 0001 00:00:00 +0000</pubDate>
      
      <guid>/features/cmde/</guid>
      <description></description>
    </item>
    
    <item>
      <title></title>
      <link>/features/cruel-letter/</link>
      <pubDate>Mon, 01 Jan 0001 00:00:00 +0000</pubDate>
      
      <guid>/features/cruel-letter/</guid>
      <description></description>
    </item>
    
    <item>
      <title></title>
      <link>/features/die-tuer-mdrv/</link>
      <pubDate>Mon, 01 Jan 0001 00:00:00 +0000</pubDate>
      
      <guid>/features/die-tuer-mdrv/</guid>
      <description></description>
    </item>
    
    <item>
      <title></title>
      <link>/features/kaltblut/</link>
      <pubDate>Mon, 01 Jan 0001 00:00:00 +0000</pubDate>
      
      <guid>/features/kaltblut/</guid>
      <description></description>
    </item>
    
    <item>
      <title></title>
      <link>/features/the-happy-zine/</link>
      <pubDate>Mon, 01 Jan 0001 00:00:00 +0000</pubDate>
      
      <guid>/features/the-happy-zine/</guid>
      <description></description>
    </item>
    
    <item>
      <title></title>
      <link>/features/typographic-posters/</link>
      <pubDate>Mon, 01 Jan 0001 00:00:00 +0000</pubDate>
      
      <guid>/features/typographic-posters/</guid>
      <description></description>
    </item>
    
    <item>
      <title></title>
      <link>/features/zwischenablage/</link>
      <pubDate>Mon, 01 Jan 0001 00:00:00 +0000</pubDate>
      
      <guid>/features/zwischenablage/</guid>
      <description></description>
    </item>
    
  </channel>
</rss>
