<?xml version="1.0" encoding="utf-8" standalone="yes"?>
<rss version="2.0" xmlns:atom="http://www.w3.org/2005/Atom">
  <channel>
    <title>Character Design on Felix Buhler</title>
    <link>/tags/character-design/</link>
    <description>Recent content in Character Design on Felix Buhler</description>
    <generator>Hugo -- gohugo.io</generator>
    <language>en-us</language><atom:link href="/tags/character-design/index.xml" rel="self" type="application/rss+xml" />
    <item>
      <title>PL—AGV3</title>
      <link>/posts/plagv3/</link>
      <pubDate>Mon, 01 Jan 0001 00:00:00 +0000</pubDate>
      
      <guid>/posts/plagv3/</guid>
      <description></description>
    </item>
    
  </channel>
</rss>
